file,code,title,type,version,effective,dept
POL-HR-003_v1.pdf,POL-HR-003,HR Policy,HR_POLICY,1,2026-01-20,
POL-HR-003_v2.pdf,POL-HR-003,HR Policy,HR_POLICY,2,2026-06-15,
POL-LEAVE-005_v1.docx,POL-LEAVE-005,Leave Policy,LEAVE_POLICY,1,2026-01-20,
POL-LEAVE-005_v2.docx,POL-LEAVE-005,Leave Policy,LEAVE_POLICY,2,2026-07-15,
POL-CONDUCT-006_v1.pdf,POL-CONDUCT-006,Code of Conduct,CONDUCT_POLICY,1,2026-02-01,
POL-CONDUCT-006_v2.pdf,POL-CONDUCT-006,Code of Conduct,CONDUCT_POLICY,2,2026-08-01,
POL-PRIVACY-004_v1.pdf,POL-PRIVACY-004,Data Privacy Policy,DATA_PRIVACY_POLICY,1,2026-01-15,
POL-PRIVACY-004_v2.pdf,POL-PRIVACY-004,Data Privacy Policy,DATA_PRIVACY_POLICY,2,2026-07-01,
CMP-GEN-008_v1.pdf,CMP-GEN-008,Compliance Evidence Instruction,COMPLIANCE_INSTRUCTION,1,2026-02-15,
CMP-GEN-008_v2.pdf,CMP-GEN-008,Compliance Evidence Instruction,COMPLIANCE_INSTRUCTION,2,2026-08-15,
SOP-ESCALATE-011_v1.docx,SOP-ESCALATE-011,Incident Escalation Procedure,ESCALATION_PROCEDURE,1,2026-02-01,
SOP-ESCALATE-011_v2.docx,SOP-ESCALATE-011,Incident Escalation Procedure,ESCALATION_PROCEDURE,2,2026-07-10,
PRC-ENG-009_v1.pdf,PRC-ENG-009,Code Review Process,PROCESS_DOCUMENT,1,2026-03-01,ENG
PRC-ENG-009_v2.pdf,PRC-ENG-009,Code Review Process,PROCESS_DOCUMENT,2,2026-08-20,ENG
SOP-QA-012_v1.pdf,SOP-QA-012,QA Testing Procedure,DEPARTMENT_SOP,1,2026-02-10,QA
SOP-QA-012_v2.pdf,SOP-QA-012,QA Testing Procedure,DEPARTMENT_SOP,2,2026-07-20,QA
SOP-MKT-013_v1.docx,SOP-MKT-013,SEO and Content Procedure,DEPARTMENT_SOP,1,2026-03-05,MKT
SOP-MKT-013_v2.docx,SOP-MKT-013,SEO and Content Procedure,DEPARTMENT_SOP,2,2026-08-05,MKT
SOP-DATA-015_v1.pdf,SOP-DATA-015,Data Warehouse and Dashboard Procedure,DEPARTMENT_SOP,1,2026-03-15,DATA
SOP-DATA-015_v2.pdf,SOP-DATA-015,Data Warehouse and Dashboard Procedure,DEPARTMENT_SOP,2,2026-09-01,DATA
HBK-GEN-001_v1.pdf,HBK-GEN-001,Employee Handbook,HANDBOOK,1,2026-01-05,
FAQ-GEN-020_v1.pdf,FAQ-GEN-020,General Onboarding FAQ,FAQ,1,2026-04-01,
SOP-SUPPORT-016_v1.pdf,SOP-SUPPORT-016,Support Ticket Procedure,DEPARTMENT_SOP,1,2026-03-20,SUPPORT
SOP-DESIGN-014_v1.pdf,SOP-DESIGN-014,Design Standards Procedure,DEPARTMENT_SOP,1,2026-03-25,DESIGN
PRC-INFRA-010_v1.docx,PRC-INFRA-010,Change Management Process,PROCESS_DOCUMENT,1,2026-04-10,INFRA
SOP-DELIVERY-017_v1.docx,SOP-DELIVERY-017,Delivery and Client Reporting Procedure,DEPARTMENT_SOP,1,2026-04-15,DELIVERY
ROLE-BACKEND-101_v1.pdf,ROLE-BACKEND-101,Backend Developer Role Description,ROLE_DESCRIPTION,1,2026-04-20,ENG
ROLE-FRONTEND-102_v1.pdf,ROLE-FRONTEND-102,Frontend Developer Role Description,ROLE_DESCRIPTION,1,2026-04-20,ENG
ROLE-INTERN-103_v1.docx,ROLE-INTERN-103,Software Intern Role Description,ROLE_DESCRIPTION,1,2026-04-20,ENG
ROLE-DEVOPS-104_v1.pdf,ROLE-DEVOPS-104,DevOps Engineer Role Description,ROLE_DESCRIPTION,1,2026-04-22,INFRA
ROLE-QA-105_v1.pdf,ROLE-QA-105,QA Engineer Role Description,ROLE_DESCRIPTION,1,2026-04-22,QA
ROLE-PM-106_v1.docx,ROLE-PM-106,Project Manager Role Description,ROLE_DESCRIPTION,1,2026-04-25,DELIVERY
ROLE-SEO-107_v1.pdf,ROLE-SEO-107,SEO Specialist Role Description,ROLE_DESCRIPTION,1,2026-04-25,MKT
ROLE-UIUX-108_v1.pdf,ROLE-UIUX-108,UI/UX Designer Role Description,ROLE_DESCRIPTION,1,2026-04-28,DESIGN
ROLE-DATA-109_v1.pdf,ROLE-DATA-109,Data Analyst Role Description,ROLE_DESCRIPTION,1,2026-04-28,DATA
ROLE-SUPPORT-110_v1.docx,ROLE-SUPPORT-110,Technical Support Engineer Role Description,ROLE_DESCRIPTION,1,2026-04-30,SUPPORT
